{
    "anchorpoints": [],
    "portpins": [
        {
            "name": "1",
            "position": [
                -30.0,
                11.0,
                6.7075000000000005
            ],
            "rotation": [
                0.0,
                0.0,
                -1.0,
                -0.0,
                1.0,
                0.0,
                1.0,
                0.0,
                0.0
            ]
        },
        {
            "name": "2",
            "position": [
                30.0,
                11.0,
                6.7075000000000005
            ],
            "rotation": [
                0.0,
                0.0,
                1.0,
                0.0,
                1.0,
                0.0,
                -1.0,
                -0.0,
                -0.0
            ]
        }
    ],
    "version": 6
}